Miền Nam,26-10-2022,Đồng Nai,8,...
Miền Nam,26-10-2022,Cần Thơ,8,...
Miền Nam,26-10-2022,Sóc Trăng,8,...
Miền Nam,26-10-2022,Đồng Nai,7,...
Miền Nam,26-10-2022,Cần Thơ,7,...
Miền Nam,26-10-2022,Sóc Trăng,7,...
Miền Nam,26-10-2022,Đồng Nai,6,...
Miền Nam,26-10-2022,Đồng Nai,6,...
Miền Nam,26-10-2022,Đồng Nai,6,...
Miền Nam,26-10-2022,Cần Thơ,6,...
Miền Nam,26-10-2022,Cần Thơ,6,...
Miền Nam,26-10-2022,Cần Thơ,6,...
Miền Nam,26-10-2022,Sóc Trăng,6,...
Miền Nam,26-10-2022,Sóc Trăng,6,...
Miền Nam,26-10-2022,Sóc Trăng,6,...
Miền Nam,26-10-2022,Đồng Nai,5,...
Miền Nam,26-10-2022,Cần Thơ,5,...
Miền Nam,26-10-2022,Sóc Trăng,5,...
Miền Nam,26-10-2022,Đồng Nai,4,...
Miền Nam,26-10-2022,Đồng Nai,4,...
Miền Nam,26-10-2022,Đồng Nai,4,...
Miền Nam,26-10-2022,Đồng Nai,4,...
Miền Nam,26-10-2022,Đồng Nai,4,...
Miền Nam,26-10-2022,Đồng Nai,4,...
Miền Nam,26-10-2022,Đồng Nai,4,...
Miền Nam,26-10-2022,Cần Thơ,4,...
Miền Nam,26-10-2022,Cần Thơ,4,...
Miền Nam,26-10-2022,Cần Thơ,4,...
Miền Nam,26-10-2022,Cần Thơ,4,...
Miền Nam,26-10-2022,Cần Thơ,4,...
Miền Nam,26-10-2022,Cần Thơ,4,...
Miền Nam,26-10-2022,Cần Thơ,4,...
Miền Nam,26-10-2022,Sóc Trăng,4,...
Miền Nam,26-10-2022,Sóc Trăng,4,...
Miền Nam,26-10-2022,Sóc Trăng,4,...
Miền Nam,26-10-2022,Sóc Trăng,4,...
Miền Nam,26-10-2022,Sóc Trăng,4,...
Miền Nam,26-10-2022,Sóc Trăng,4,...
Miền Nam,26-10-2022,Sóc Trăng,4,...
Miền Nam,26-10-2022,Đồng Nai,3,...
Miền Nam,26-10-2022,Đồng Nai,3,...
Miền Nam,26-10-2022,Cần Thơ,3,...
Miền Nam,26-10-2022,Cần Thơ,3,...
Miền Nam,26-10-2022,Sóc Trăng,3,...
Miền Nam,26-10-2022,Sóc Trăng,3,...
Miền Nam,26-10-2022,Đồng Nai,2,...
Miền Nam,26-10-2022,Cần Thơ,2,...
Miền Nam,26-10-2022,Sóc Trăng,2,...
Miền Nam,26-10-2022,Đồng Nai,1,...
Miền Nam,26-10-2022,Cần Thơ,1,...
Miền Nam,26-10-2022,Sóc Trăng,1,...
Miền Nam,26-10-2022,Đồng Nai,ĐB,...
Miền Nam,26-10-2022,Cần Thơ,ĐB,...
Miền Nam,26-10-2022,Sóc Trăng,ĐB,...
