Miền Tây,26-10-2022,Đà Nẵng,8,...
Miền Tây,26-10-2022,Khánh Hòa,8,...
Miền Tây,26-10-2022,Đà Nẵng,7,...
Miền Tây,26-10-2022,Khánh Hòa,7,...
Miền Tây,26-10-2022,Đà Nẵng,6,...
Miền Tây,26-10-2022,Đà Nẵng,6,...
Miền Tây,26-10-2022,Đà Nẵng,6,...
Miền Tây,26-10-2022,Khánh Hòa,6,...
Miền Tây,26-10-2022,Khánh Hòa,6,...
Miền Tây,26-10-2022,Khánh Hòa,6,...
Miền Tây,26-10-2022,Đà Nẵng,5,...
Miền Tây,26-10-2022,Khánh Hòa,5,...
Miền Tây,26-10-2022,Đà Nẵng,4,...
Miền Tây,26-10-2022,Đà Nẵng,4,...
Miền Tây,26-10-2022,Đà Nẵng,4,...
Miền Tây,26-10-2022,Đà Nẵng,4,...
Miền Tây,26-10-2022,Đà Nẵng,4,...
Miền Tây,26-10-2022,Đà Nẵng,4,...
Miền Tây,26-10-2022,Đà Nẵng,4,...
Miền Tây,26-10-2022,Khánh Hòa,4,...
Miền Tây,26-10-2022,Khánh Hòa,4,...
Miền Tây,26-10-2022,Khánh Hòa,4,...
Miền Tây,26-10-2022,Khánh Hòa,4,...
Miền Tây,26-10-2022,Khánh Hòa,4,...
Miền Tây,26-10-2022,Khánh Hòa,4,...
Miền Tây,26-10-2022,Khánh Hòa,4,...
Miền Tây,26-10-2022,Đà Nẵng,3,...
Miền Tây,26-10-2022,Đà Nẵng,3,...
Miền Tây,26-10-2022,Khánh Hòa,3,...
Miền Tây,26-10-2022,Khánh Hòa,3,...
Miền Tây,26-10-2022,Đà Nẵng,2,...
Miền Tây,26-10-2022,Khánh Hòa,2,...
Miền Tây,26-10-2022,Đà Nẵng,1,...
Miền Tây,26-10-2022,Khánh Hòa,1,...
Miền Tây,26-10-2022,Đà Nẵng,ĐB,...
Miền Tây,26-10-2022,Khánh Hòa,ĐB,...
